[
  {
    "province_code": "0128",
    "name": "Ilocos Norte",
    "psgc_code": "012800000",
    "region_code": "01"
  },
  {
    "province_code": "0129",
    "name": "Ilocos Sur",
    "psgc_code": "012900000",
    "region_code": "01"
  },
  {
    "province_code": "0133",
    "name": "La Union",
    "psgc_code": "013300000",
    "region_code": "01"
  },
  {
    "province_code": "0155",
    "name": "Pangasinan",
    "psgc_code": "015500000",
    "region_code": "01"
  },
  {
    "province_code": "0209",
    "name": "Batanes",
    "psgc_code": "020900000",
    "region_code": "02"
  },
  {
    "province_code": "0215",
    "name": "Cagayan",
    "psgc_code": "021500000",
    "region_code": "02"
  },
  {
    "province_code": "0231",
    "name": "Isabela",
    "psgc_code": "023100000",
    "region_code": "02"
  },
  {
    "province_code": "0250",
    "name": "Nueva Vizcaya",
    "psgc_code": "025000000",
    "region_code": "02"
  },
  {
    "province_code": "0257",
    "name": "Quirino",
    "psgc_code": "025700000",
    "region_code": "02"
  },
  {
    "province_code": "0308",
    "name": "Bataan",
    "psgc_code": "030800000",
    "region_code": "03"
  },
  {
    "province_code": "0314",
    "name": "Bulacan",
    "psgc_code": "031400000",
    "region_code": "03"
  },
  {
    "province_code": "0349",
    "name": "Nueva Ecija",
    "psgc_code": "034900000",
    "region_code": "03"
  },
  {
    "province_code": "0354",
    "name": "Pampanga",
    "psgc_code": "035400000",
    "region_code": "03"
  },
  {
    "province_code": "0369",
    "name": "Tarlac",
    "psgc_code": "036900000",
    "region_code": "03"
  },
  {
    "province_code": "0371",
    "name": "Zambales",
    "psgc_code": "037100000",
    "region_code": "03"
  },
  {
    "province_code": "0377",
    "name": "Aurora",
    "psgc_code": "037700000",
    "region_code": "03"
  },
  {
    "province_code": "0410",
    "name": "Batangas",
    "psgc_code": "041000000",
    "region_code": "04"
  },
  {
    "province_code": "0421",
    "name": "Cavite",
    "psgc_code": "042100000",
    "region_code": "04"
  },
  {
    "province_code": "0434",
    "name": "Laguna",
    "psgc_code": "043400000",
    "region_code": "04"
  },
  {
    "province_code": "0456",
    "name": "Quezon",
    "psgc_code": "045600000",
    "region_code": "04"
  },
  {
    "province_code": "0458",
    "name": "Rizal",
    "psgc_code": "045800000",
    "region_code": "04"
  },
  {
    "province_code": "1740",
    "name": "Marinduque",
    "psgc_code": "174000000",
    "region_code": "17"
  },
  {
    "province_code": "1751",
    "name": "Occidental Mindoro",
    "psgc_code": "175100000",
    "region_code": "17"
  },
  {
    "province_code": "1752",
    "name": "Oriental Mindoro",
    "psgc_code": "175200000",
    "region_code": "17"
  },
  {
    "province_code": "1753",
    "name": "Palawan",
    "psgc_code": "175300000",
    "region_code": "17"
  },
  {
    "province_code": "1759",
    "name": "Romblon",
    "psgc_code": "175900000",
    "region_code": "17"
  },
  {
    "province_code": "0505",
    "name": "Albay",
    "psgc_code": "050500000",
    "region_code": "05"
  },
  {
    "province_code": "0516",
    "name": "Camarines Norte",
    "psgc_code": "051600000",
    "region_code": "05"
  },
  {
    "province_code": "0517",
    "name": "Camarines Sur",
    "psgc_code": "051700000",
    "region_code": "05"
  },
  {
    "province_code": "0520",
    "name": "Catanduanes",
    "psgc_code": "052000000",
    "region_code": "05"
  },
  {
    "province_code": "0541",
    "name": "Masbate",
    "psgc_code": "054100000",
    "region_code": "05"
  },
  {
    "province_code": "0562",
    "name": "Sorsogon",
    "psgc_code": "056200000",
    "region_code": "05"
  },
  {
    "province_code": "0604",
    "name": "Aklan",
    "psgc_code": "060400000",
    "region_code": "06"
  },
  {
    "province_code": "0606",
    "name": "Antique",
    "psgc_code": "060600000",
    "region_code": "06"
  },
  {
    "province_code": "0619",
    "name": "Capiz",
    "psgc_code": "061900000",
    "region_code": "06"
  },
  {
    "province_code": "0630",
    "name": "Iloilo",
    "psgc_code": "063000000",
    "region_code": "06"
  },
  {
    "province_code": "0645",
    "name": "Negros Occidental",
    "psgc_code": "064500000",
    "region_code": "06"
  },
  {
    "province_code": "0679",
    "name": "Guimaras",
    "psgc_code": "067900000",
    "region_code": "06"
  },
  {
    "province_code": "0712",
    "name": "Bohol",
    "psgc_code": "071200000",
    "region_code": "07"
  },
  {
    "province_code": "0722",
    "name": "Cebu",
    "psgc_code": "072200000",
    "region_code": "07"
  },
  {
    "province_code": "0746",
    "name": "Negros Oriental",
    "psgc_code": "074600000",
    "region_code": "07"
  },
  {
    "province_code": "0761",
    "name": "Siquijor",
    "psgc_code": "076100000",
    "region_code": "07"
  },
  {
    "province_code": "0826",
    "name": "Eastern Samar",
    "psgc_code": "082600000",
    "region_code": "08"
  },
  {
    "province_code": "0837",
    "name": "Leyte",
    "psgc_code": "083700000",
    "region_code": "08"
  },
  {
    "province_code": "0848",
    "name": "Northern Samar",
    "psgc_code": "084800000",
    "region_code": "08"
  },
  {
    "province_code": "0860",
    "name": "Samar (Western Samar)",
    "psgc_code": "086000000",
    "region_code": "08"
  },
  {
    "province_code": "0864",
    "name": "Southern Leyte",
    "psgc_code": "086400000",
    "region_code": "08"
  },
  {
    "province_code": "0878",
    "name": "Biliran",
    "psgc_code": "087800000",
    "region_code": "08"
  },
  {
    "province_code": "0972",
    "name": "Zamboanga Del Norte",
    "psgc_code": "097200000",
    "region_code": "09"
  },
  {
    "province_code": "0973",
    "name": "Zamboanga Del Sur",
    "psgc_code": "097300000",
    "region_code": "09"
  },
  {
    "province_code": "0983",
    "name": "Zamboanga Sibugay",
    "psgc_code": "098300000",
    "region_code": "09"
  },
  {
    "province_code": "0997",
    "name": "City Of Isabela",
    "psgc_code": "099700000",
    "region_code": "09"
  },
  {
    "province_code": "1013",
    "name": "Bukidnon",
    "psgc_code": "101300000",
    "region_code": "10"
  },
  {
    "province_code": "1018",
    "name": "Camiguin",
    "psgc_code": "101800000",
    "region_code": "10"
  },
  {
    "province_code": "1035",
    "name": "Lanao Del Norte",
    "psgc_code": "103500000",
    "region_code": "10"
  },
  {
    "province_code": "1042",
    "name": "Misamis Occidental",
    "psgc_code": "104200000",
    "region_code": "10"
  },
  {
    "province_code": "1043",
    "name": "Misamis Oriental",
    "psgc_code": "104300000",
    "region_code": "10"
  },
  {
    "province_code": "1123",
    "name": "Davao Del Norte",
    "psgc_code": "112300000",
    "region_code": "11"
  },
  {
    "province_code": "1124",
    "name": "Davao Del Sur",
    "psgc_code": "112400000",
    "region_code": "11"
  },
  {
    "province_code": "1125",
    "name": "Davao Oriental",
    "psgc_code": "112500000",
    "region_code": "11"
  },
  {
    "province_code": "1182",
    "name": "Compostela Valley",
    "psgc_code": "118200000",
    "region_code": "11"
  },
  {
    "province_code": "1186",
    "name": "Davao Occidental",
    "psgc_code": "118600000",
    "region_code": "11"
  },
  {
    "province_code": "1247",
    "name": "Cotabato (North Cotabato)",
    "psgc_code": "124700000",
    "region_code": "12"
  },
  {
    "province_code": "1263",
    "name": "South Cotabato",
    "psgc_code": "126300000",
    "region_code": "12"
  },
  {
    "province_code": "1265",
    "name": "Sultan Kudarat",
    "psgc_code": "126500000",
    "region_code": "12"
  },
  {
    "province_code": "1280",
    "name": "Sarangani",
    "psgc_code": "128000000",
    "region_code": "12"
  },
  {
    "province_code": "1298",
    "name": "Cotabato City",
    "psgc_code": "129800000",
    "region_code": "12"
  },
  {
    "province_code": "1339",
    "name": "Ncr, City Of Manila, First District",
    "psgc_code": "133900000",
    "region_code": "13"
  },
  {
    "province_code": "1339",
    "name": "City Of Manila",
    "psgc_code": "133900000",
    "region_code": "13"
  },
  {
    "province_code": "1374",
    "name": "Ncr, Second District",
    "psgc_code": "137400000",
    "region_code": "13"
  },
  {
    "province_code": "1375",
    "name": "Ncr, Third District",
    "psgc_code": "137500000",
    "region_code": "13"
  },
  {
    "province_code": "1376",
    "name": "Ncr, Fourth District",
    "psgc_code": "137600000",
    "region_code": "13"
  },
  {
    "province_code": "1401",
    "name": "Abra",
    "psgc_code": "140100000",
    "region_code": "14"
  },
  {
    "province_code": "1411",
    "name": "Benguet",
    "psgc_code": "141100000",
    "region_code": "14"
  },
  {
    "province_code": "1427",
    "name": "Ifugao",
    "psgc_code": "142700000",
    "region_code": "14"
  },
  {
    "province_code": "1432",
    "name": "Kalinga",
    "psgc_code": "143200000",
    "region_code": "14"
  },
  {
    "province_code": "1444",
    "name": "Mountain Province",
    "psgc_code": "144400000",
    "region_code": "14"
  },
  {
    "province_code": "1481",
    "name": "Apayao",
    "psgc_code": "148100000",
    "region_code": "14"
  },
  {
    "province_code": "1507",
    "name": "Basilan",
    "psgc_code": "150700000",
    "region_code": "15"
  },
  {
    "province_code": "1536",
    "name": "Lanao Del Sur",
    "psgc_code": "153600000",
    "region_code": "15"
  },
  {
    "province_code": "1538",
    "name": "Maguindanao",
    "psgc_code": "153800000",
    "region_code": "15"
  },
  {
    "province_code": "1566",
    "name": "Sulu",
    "psgc_code": "156600000",
    "region_code": "15"
  },
  {
    "province_code": "1570",
    "name": "Tawi-tawi",
    "psgc_code": "157000000",
    "region_code": "15"
  },
  {
    "province_code": "1602",
    "name": "Agusan Del Norte",
    "psgc_code": "160200000",
    "region_code": "16"
  },
  {
    "province_code": "1603",
    "name": "Agusan Del Sur",
    "psgc_code": "160300000",
    "region_code": "16"
  },
  {
    "province_code": "1667",
    "name": "Surigao Del Norte",
    "psgc_code": "166700000",
    "region_code": "16"
  },
  {
    "province_code": "1668",
    "name": "Surigao Del Sur",
    "psgc_code": "166800000",
    "region_code": "16"
  },
  {
    "province_code": "1685",
    "name": "Dinagat Islands",
    "psgc_code": "168500000",
    "region_code": "16"
  }
]
